database_name,database_name_cleaned,database_university,database_discipline,database_race,database_gender,matched,speaker_id,speaker_name,speaker_university,speaker_race,speaker_gender,confidence,reasoning
Carlos E. Manzanares,Carlos E Manzanares,Baylor University,Chemistry,Hispanic,Man,False,,,,,,,No match found
Arturo Vegas,Arturo Vegas,Boston University,Chemistry,Hispanic,Man,False,,,,,,,No match found
Malika Jeffriesel,Malika Jeffriesel,Boston University,Chemistry,Black,Woman,False,,,,,,,No match found
Rosina M. Georgiadis,Rosina M Georgiadis,Boston University,Chemistry,Hispanic,Woman,False,,,,,,,No match found
Gabriel Gomes,Gabriel Gomes,Carnegie Mellon University,Chemistry,Hispanic,Man,False,,,,,,,No match found
Isaac Garcia Bosch,Isaac Garcia Bosch,Carnegie Mellon University,Chemistry,Hispanic,Man,False,,,,,,,No match found
Carlos E. Crespo-Hernandez,Carlos E Crespo-Hernandez,Case Western Reserve University,Chemistry,Hispanic,Man,False,,,,,,,No match found
Daniel A. Scherson,Daniel A Scherson,Case Western Reserve University,Chemistry,Hispanic,Man,False,,,,,,,No match found
Carlos D. Garcia Perez,Carlos D Garcia Perez,Clemson University,Chemistry,Hispanic,Man,False,,,,,,,No match found
Ivan A. Moreno-Hernandez,Ivan A Moreno-Hernandez,Duke University,Chemistry,Hispanic,Man,True,78b25e573f03,Ivan A. Moreno-Hernandez,Duke University,latino,man,high,"The full name 'Ivan A. Moreno-Hernandez' matches exactly with the cleaned name 'Ivan A Moreno-Hernandez' in both the database and the potential speaker list. Additionally, the university affiliation 'Duke University' is the same in both records, further confirming the match. There are no variations or discrepancies in the name or university that would suggest otherwise."
Francesco Evangelista,Francesco Evangelista,Emory University,Chemistry,Hispanic,Man,False,,,,,,,No match found
Raphael F. Ribeiro,Raphael F Ribeiro,Emory University,Chemistry,Hispanic,Man,False,,,,,,,No match found
Francisco Alberto Fernandez-Lima,Francisco Alberto Fernandez-Lima,Florida International University,Chemistry,Hispanic,Man,True,6f647d97b96a,Francisco Alberto Fernandez-Lima,Florida International University,latino,man,high,"The full name 'Francisco Alberto Fernandez-Lima' matches exactly with the name in the database. Additionally, the university affiliation 'Florida International University' is the same for both the database entry and the potential speaker. There are no discrepancies in the name or university, leading to a high confidence match."
Natalia Soares Quinete,Natalia Soares Quinete,Florida International University,Chemistry,Hispanic,Woman,True,dcbee2fa24cb,Natalia Soares Quinete,Florida International University,latino,woman,high,"The full name 'Natalia Soares Quinete' from the database matches exactly with the name of the speaker in the seminar data. Additionally, the university affiliation 'Florida International University' is the same in both records, which further supports the match. There are no variations or discrepancies in the name or university that would suggest otherwise."
Ramon Lopez De La Vega,Ramon Lopez De La Vega,Florida International University,Chemistry,Hispanic,Man,False,,,,,,,No match found
Mosissa Fayissa,Mosissa Fayissa,George Mason University,Chemistry,Black,Man,False,,,,,,,No match found
Erik A. Rodriguez,Erik A Rodriguez,George Washington University,Chemistry,Hispanic,Man,False,,,,,,,No match found
Lakeisha Mcclary,Lakeisha Mcclary,George Washington University,Chemistry,Black,Woman,False,,,,,,,No match found
Adegboyega Yomi Oyelere,Adegboyega Yomi Oyelere,Georgia Institute of Technology,Chemistry,Black,Man,False,,,,,,,No match found
Stefan France,Stefan France,Georgia Institute of Technology,Chemistry,Black,Man,False,,,,,,,No match found
Suazette Reid Mooring,Suazette Reid Mooring,Georgia State University,Chemistry,Black,Woman,False,,,,,,,No match found
Christopher Blaszczak-Boxe,Christopher Blaszczak-Boxe,"Graduate Center, CUNY",Chemistry,Black,Man,False,,,,,,,No match found
Columba De La Parra,Columba De La Parra,"Graduate Center, CUNY",Chemistry,Hispanic,Woman,False,,,,,,,No match found
Guillermo Geronanavarro,Guillermo Geronanavarro,"Graduate Center, CUNY",Chemistry,Hispanic,Man,False,,,,,,,No match found
Mande Holford,Mande Holford,"Graduate Center, CUNY",Chemistry,Black,Woman,False,,,,,,,No match found
Maria Contel,Maria Contel,"Graduate Center, CUNY",Chemistry,Hispanic,Woman,False,,,,,,,No match found
Mariana Torrente,Mariana Torrente,"Graduate Center, CUNY",Chemistry,Hispanic,Woman,False,,,,,,,No match found
Naphtali Oconnor,Naphtali Oconnor,"Graduate Center, CUNY",Chemistry,Black,Man,False,,,,,,,No match found
Wayne Harding,Wayne Harding,"Graduate Center, CUNY",Chemistry,Black,Man,False,,,,,,,No match found
Yolanda A. Small,Yolanda A Small,"Graduate Center, CUNY",Chemistry,Black,Woman,False,,,,,,,No match found
Tendai Gadzikwa,Tendai Gadzikwa,Kansas State University,Chemistry,Black,Woman,True,9c76dd71e945,Tendai Gadzikwa,Kansas State University,black,man,high,"The name 'Tendai Gadzikwa' from the database matches exactly with the name 'Tendai Gadzikwa' in the potential speakers list. Additionally, both are affiliated with Kansas State University, which further supports the match. There are no discrepancies in the name or university affiliation, leading to a high confidence in this match."
Daniel Kuroda,Daniel Kuroda,Louisiana State University,Chemistry,Hispanic,Man,False,,,,,,,No match found
Victor Garcia Lopez,Victor Garcia Lopez,Louisiana State University,Chemistry,Hispanic,Man,False,,,,,,,No match found
Zakiya Wilson-Kennedy,Zakiya Wilson-Kennedy,Louisiana State University,Chemistry,Black,Woman,False,,,,,,,No match found
Oleta Johnson,Oleta Johnson,Massachusetts Institute of Technology,Chemistry,Black,Woman,False,,,,,,,No match found
Robert J. Gilliard Jr.,Robert J Gilliard Jr,Massachusetts Institute of Technology,Chemistry,Black,Man,True,9226a465b7b3,"Robert J. Gilliard, Jr.",Massachusetts Institute of Technology,black,man,high,"The cleaned names 'Robert J Gilliard Jr' from the database and the potential speaker match exactly, including the middle initial and suffix. Additionally, both are affiliated with the Massachusetts Institute of Technology, which further supports the match. There are no discrepancies in the name or university that would suggest a different individual."
Kevin D. Walker,Kevin D Walker,Michigan State University,Chemistry,Black,Man,False,,,,,,,No match found
Colleen Scott,Colleen Scott,Mississippi State University,Chemistry,Black,Woman,True,1b0cc162b8bd,Colleen Scott,Mississippi State University,black,man,high,"The name 'Colleen Scott' from the database matches exactly with the name 'Colleen Scott' in the potential speakers list. Additionally, both are affiliated with Mississippi State University, which further supports the match. There are no discrepancies in the name or university affiliation, leading to a high confidence in this match."
Virginia Montiel-Palma,Virginia Montiel-Palma,Mississippi State University,Chemistry,Hispanic,Woman,False,,,,,,,No match found
Jennifer Dubois,Jennifer Dubois,Montana State University,Chemistry,Hispanic,Woman,False,,,,,,,No match found
Edgardo Farinas,Edgardo Farinas,New Jersey Institute of Technology,Chemistry,Hispanic,Man,False,,,,,,,No match found
Omowunmi Sadik,Omowunmi Sadik,New Jersey Institute of Technology,Chemistry,Black,Woman,False,,,,,,,No match found
Sara Casado Zapico,Sara Casado Zapico,New Jersey Institute of Technology,Chemistry,Hispanic,Woman,False,,,,,,,No match found
Alisha Jones,Alisha Jones,New York University,Chemistry,Black,Woman,True,444abb2dda1b,Alisha Jones,New York University,black,man,high,"The name 'Alisha Jones' from the database faculty matches exactly with the name 'Alisha Jones' in the potential speaker list. Additionally, both are affiliated with New York University, which further supports the match. There are no discrepancies in the name or university affiliation, leading to a high confidence in this match."
Claudia Avalos,Claudia Avalos,New York University,Chemistry,Hispanic,Woman,False,,,,,,,No match found
Marc Anton Walters,Marc Anton Walters,New York University,Chemistry,Black,Man,False,,,,,,,No match found
Stefano Sacanna,Stefano Sacanna,New York University,Chemistry,Hispanic,Man,False,,,,,,,No match found
Tania Lupoli,Tania Lupoli,New York University,Chemistry,Hispanic,Woman,True,a66378247dc5,Tania Lupoli,New York University,white,woman,high,"The name 'Tania Lupoli' from the database faculty matches exactly with the name 'Tania Lupoli' in the potential speaker list. Additionally, both are affiliated with New York University, which further supports the match. There are no variations or misspellings to consider, making this a high-confidence match."
Elon Ison,Elon Ison,North Carolina State University,Chemistry,Black,Man,False,,,,,,,No match found
Phil Castellano,Phil Castellano,North Carolina State University,Chemistry,Hispanic,Man,True,03d4844a9a8c,Phil Castellano,North Carolina State University,latino,man,high,"The name 'Phil Castellano' from the database matches exactly with the name 'Phil Castellano' in the potential speaker list. Additionally, both are affiliated with North Carolina State University, which further confirms the match. There are no discrepancies in the name or university affiliation, leading to a high confidence in this match."
Damilola Daramola,Damilola Daramola,Northeastern University,Chemistry,Black,Man,True,769cb20d2087,Damilola Daramola,Northeastern University,black,man,high,"The full name 'Damilola Daramola' matches exactly between the database faculty and the potential speaker. Additionally, both are affiliated with Northeastern University, which further supports the match. There are no discrepancies in spelling or university affiliation, leading to a high confidence in this match."
Diego Alzate-Sanchez,Diego Alzate-Sanchez,Northeastern University,Chemistry,Hispanic,Man,False,,,,,,,No match found
Thiago Monteiro Araujo Dos Santos,Thiago Monteiro Araujo Dos Santos,Northeastern University,Chemistry,Hispanic,Man,False,,,,,,,No match found
Monica Olvera De La Cruz,Monica Olvera De La Cruz,Northwestern University,Chemistry,Hispanic,Woman,True,2215897e1839,Monica Olvera de la Cruz,Northwestern University,white,woman,high,"The name 'Monica Olvera De La Cruz' from the database matches 'Monica Olvera de la Cruz' from the potential speakers list, with only a minor difference in capitalization of 'de'. Both are affiliated with Northwestern University, which strongly supports the match. The discipline is also the same, further confirming the match."
Squire J. Booker,Squire J Booker,Pennsylvania State University,Chemistry,Black,Man,False,,,,,,,No match found
Gustavo Scuseria,Gustavo Scuseria,Rice University,Chemistry,Hispanic,Man,False,,,,,,,No match found
Gene Hall,Gene Hall,Rutgers University-New Brunswick,Chemistry,Black,Man,False,,,,,,,No match found
Jean Rivera-Rios,Jean Rivera-Rios,Rutgers University-New Brunswick,Chemistry,Hispanic,Man,False,,,,,,,No match found
Laura M.K. Dassama,Laura MK Dassama,Stanford University,Chemistry,Black,Woman,False,,,,,,,No match found
Gerardo Gamez,Gerardo Gamez,Texas Tech University,Chemistry,Hispanic,Man,False,,,,,,,No match found
Jorge A. Morales,Jorge A Morales,Texas Tech University,Chemistry,Hispanic,Man,False,,,,,,,No match found
Rabi Ann Musah,Rabi Ann Musah,"University at Albany, SUNY",Chemistry,Black,Woman,False,,,,,,,No match found
Luis R. De Jesus Baez,Luis R De Jesus Baez,University at Buffalo,Chemistry,Hispanic,Man,False,,,,,,,No match found
Elizabeth Duran,Elizabeth Duran,University of Alabama at Birmingham,Chemistry,Hispanic,Woman,False,,,,,,,No match found
Katrina Miranda,Katrina Miranda,University of Arizona,Chemistry,Hispanic,Woman,True,09d10209e48c,Katrina Miranda,University of Arizona,latino,woman,high,"The name 'Katrina Miranda' from the database matches exactly with the name 'Katrina Miranda' in the potential speakers list. Additionally, both are affiliated with the University of Arizona, which further supports the match. There are no discrepancies in the name or university affiliation, leading to a high confidence in this match."
Paul Adams,Paul Adams,University of Arkansas,Chemistry,Black,Man,False,,,,,,,No match found
Carlos J. Bustamante,Carlos J Bustamante,"University of California, Berkeley",Chemistry,Hispanic,Man,False,,,,,,,No match found
Richmond Sarpong,Richmond Sarpong,"University of California, Berkeley",Chemistry,Black,Man,True,4c6945c7ae9e,Richmond Sarpong,"University of California, Berkeley",black,man,high,"The name 'Richmond Sarpong' from the database faculty matches exactly with the name 'Richmond Sarpong' in the potential speaker list. Additionally, both are affiliated with the University of California, Berkeley, which further supports the match. There are no discrepancies in the name or university affiliation, leading to a high confidence in this match."
Jose A. Rodriguez,Jose A Rodriguez,"University of California, Los Angeles",Chemistry,Hispanic,Man,False,,,,,,,No match found
Boniface P. T. Fokwa,Boniface P T Fokwa,"University of California, Riverside",Chemistry,Black,Man,False,,,,,,,No match found
Nadia G. Leonard,Nadia G Leonard,"University of California, Santa Barbara",Chemistry,Black,Woman,False,,,,,,,No match found
Candice Bridge,Candice Bridge,University of Central Florida,Chemistry,Black,Woman,True,d3170dcf9430,Candice Bridge,University of Central Florida,black,woman,high,"The name 'Candice Bridge' from the database faculty matches exactly with the name 'Candice Bridge' in the potential speaker list. Additionally, both are affiliated with the University of Central Florida, which further confirms the match. There are no variations or discrepancies in the name or university affiliation, leading to a high confidence in this match."
Karin Chumbimunitorres,Karin Chumbimunitorres,University of Central Florida,Chemistry,Hispanic,Woman,False,,,,,,,No match found
Briana Simms,Briana Simms,University of Cincinnati,Chemistry,Black,Woman,True,6985d1f3c78a,Briana Simms,University of Cincinnati,black,man,high,"The name 'Briana Simms' from the database matches exactly with the name 'Briana Simms' in the potential speaker list. Additionally, both are affiliated with the University of Cincinnati, which further supports the match. There are no discrepancies in the name or university affiliation, leading to a high confidence in this match."
Noe T. Alvarez,Noe T Alvarez,University of Cincinnati,Chemistry,Hispanic,Man,False,,,,,,,No match found
Alfredo Angeles-Boza,Alfredo Angeles-Boza,University of Connecticut,Chemistry,Hispanic,Man,False,,,,,,,No match found
Emil Hernandez-Pagan,Emil Hernandez-Pagan,University of Delaware,Chemistry,Hispanic,Man,False,,,,,,,No match found
Jocelyn Alcantara-Garcia,Jocelyn Alcantara-Garcia,University of Delaware,Chemistry,Hispanic,Woman,False,,,,,,,No match found
Sharon L. Neal,Sharon L Neal,University of Delaware,Chemistry,Black,Woman,False,,,,,,,No match found
Gregory H. Robinson,Gregory H Robinson,University of Georgia,Chemistry,Black,Man,False,,,,,,,No match found
Jeanluc Ayitou,Jeanluc Ayitou,University of Illinois Chicago,Chemistry,Black,Man,False,,,,,,,No match found
Joaquin Rodriguez-Lopez,Joaquin Rodriguez-Lopez,University of Illinois Urbana-Champaign,Chemistry,Hispanic,Man,True,0ef24b7ae76b,Joaquín Rodríguez-López,University of Illinois Urbana-Champaign,latino,man,high,"The cleaned names 'Joaquin Rodriguez-Lopez' from the database and 'Joaquin Rodriguez-Lopez' from the potential speaker match exactly, accounting for the accent in 'Joaquín'. Additionally, both are affiliated with the University of Illinois Urbana-Champaign, which further supports the match. The discipline is also the same, which increases the likelihood of a match."
Pere Miro,Pere Miro,University of Iowa,Chemistry,Hispanic,Man,False,,,,,,,No match found
Marcelo I. Guzman,Marcelo I Guzman,University of Kentucky,Chemistry,Hispanic,Man,False,,,,,,,No match found
Samuel G. Awuah,Samuel G Awuah,University of Kentucky,Chemistry,Black,Man,False,,,,,,,No match found
Aleeta M. Powe,Aleeta M Powe,University of Louisville,Chemistry,Black,Woman,False,,,,,,,No match found
Frederick A. Luzzio,Frederick A Luzzio,University of Louisville,Chemistry,Hispanic,Man,False,,,,,,,No match found
Tanei J. Ricks,Tanei J Ricks,University of Memphis,Chemistry,Black,Man,False,,,,,,,No match found
Christian Agatemor,Christian Agatemor,University of Miami,Chemistry,Black,Man,False,,,,,,,No match found
Stephen Maldonado,Stephen Maldonado,University of Michigan,Chemistry,Hispanic,Man,True,c40d5b197384,Stephen Maldonado,University of Michigan,latino,man,high,"The name 'Stephen Maldonado' from the database faculty matches exactly with the name 'Stephen Maldonado' in the potential speaker list. Additionally, both are affiliated with the University of Michigan, which further confirms the match. There are no discrepancies in the name or university affiliation, leading to a high confidence in this match."
Theodore Goodson III,Theodore Goodson III,University of Michigan,Chemistry,Black,Man,False,,,,,,,No match found
Edgar A. Arriaga,Edgar A Arriaga,University of Minnesota,Chemistry,Hispanic,Man,True,00f0c1537dd8,Edgar A. Arriaga,University of Minnesota,latino,man,high,"The name 'Edgar A. Arriaga' from the database matches exactly with the name 'Edgar A. Arriaga' in the potential speaker list. Both the cleaned names and the university affiliations (University of Minnesota) are identical, indicating a high confidence match."
Melissa Ramirez,Melissa Ramirez,University of Minnesota,Chemistry,Hispanic,Woman,False,,,,,,,No match found
Ernesto Abel-Santos,Ernesto Abel-Santos,"University of Nevada, Las Vegas",Chemistry,Hispanic,Man,False,,,,,,,No match found
Ana De Bettencourt-Dias,Ana De Bettencourt-Dias,"University of Nevada, Reno",Chemistry,Hispanic,Woman,False,,,,,,,No match found
Samuel Odoh,Samuel Odoh,"University of Nevada, Reno",Chemistry,Black,Man,False,,,,,,,No match found
Terefe G. Habteyes,Terefe G Habteyes,University of New Mexico,Chemistry,Black,Man,False,,,,,,,No match found
Sidney Wilkersonhill,Sidney Wilkersonhill,University of North Carolina at Chapel Hill,Chemistry,Black,Man,False,,,,,,,No match found
Daniel Afosah,Daniel Afosah,University of North Texas,Chemistry,Black,Man,False,,,,,,,No match found
Ignacio Franco,Ignacio Franco,University of Rochester,Chemistry,Hispanic,Man,True,528368223c37,Ignacio Franco,University of Rochester,latino,man,high,"The name 'Ignacio Franco' from the database matches exactly with the name 'Ignacio Franco' in the potential speaker list. Both are affiliated with the University of Rochester, which further supports the match. There are no variations or misspellings to consider, making this a high-confidence match."
Ampofo K. Darko,Ampofo K Darko,University of Tennessee,Chemistry,Black,Woman,False,,,,,,,No match found
Kayunta Johnson-Winters,Kayunta Johnson-Winters,University of Texas at Arlington,Chemistry,Black,Woman,False,,,,,,,No match found
Luisa Whittakerbrooks,Luisa Whittakerbrooks,University of Utah,Chemistry,Black,Woman,False,,,,,,,No match found
Samson A. Jenekhe,Samson A Jenekhe,University of Washington,Chemistry,Black,Man,False,,,,,,,No match found
Andrea Locke,Andrea Locke,Vanderbilt University,Chemistry,Black,Woman,False,,,,,,,No match found
Rena A. S. Robinson,Rena A S Robinson,Vanderbilt University,Chemistry,Black,Woman,False,,,,,,,No match found
Steven D. Townsend,Steven D Townsend,Vanderbilt University,Chemistry,Black,Man,True,f9066160d03c,Steven D. Townsend,Vanderbilt University,white,man,high,"The full name 'Steven D. Townsend' matches exactly with the cleaned name 'Steven D Townsend' in the database. Additionally, the university affiliation 'Vanderbilt University' is the same in both the database and the potential speaker list. These factors strongly indicate that this is the same individual."
Tobi Odeleye,Tobi Odeleye,West Virginia University,Chemistry,Black,Woman,False,,,,,,,No match found
Andrea Richa,Andrea Richa,Arizona State University,Computer Science,Hispanic,Woman,False,,,,,,,No match found
Cheryl Seals,Cheryl Seals,Auburn University,Computer Science,Black,Woman,False,,,,,,,No match found
Gerry Dozier,Gerry Dozier,Auburn University,Computer Science,Black,Man,False,,,,,,,No match found
Jakita O. Thomas,Jakita O Thomas,Auburn University,Computer Science,Black,Woman,False,,,,,,,No match found
Mario Garciasanz,Mario Garciasanz,Case Western Reserve University,Computer Science,Hispanic,Man,False,,,,,,,No match found
Carlos Toxtli-Hernandez,Carlos Toxtli-Hernandez,Clemson University,Computer Science,Hispanic,Man,False,,,,,,,No match found
Gabe Fierro,Gabe Fierro,Colorado School of Mines,Computer Science,Hispanic,Man,False,,,,,,,No match found
Francisco Ortega,Francisco Ortega,Colorado State University,Computer Science,Hispanic,Man,False,,,,,,,No match found
Brian A. Smith,Brian A Smith,Columbia University,Computer Science,Black,Man,False,,,,,,,No match found
Owolabi Legunsen,Owolabi Legunsen,Cornell University,Computer Science,Black,Man,False,,,,,,,No match found
Temiloluwa O. Prioleau,Temiloluwa O Prioleau,Dartmouth College,Computer Science,Black,Woman,False,,,,,,,No match found
Santiago Ontanon,Santiago Ontanon,Drexel University,Computer Science,Hispanic,Man,False,,,,,,,No match found
Dorian Arnold,Dorian Arnold,Emory University,Computer Science,Black,Man,False,,,,,,,No match found
Yolanda Rankin,Yolanda Rankin,Emory University,Computer Science,Black,Woman,False,,,,,,,No match found
Leonardo Bobadilla,Leonardo Bobadilla,Florida International University,Computer Science,Hispanic,Man,False,,,,,,,No match found
Brittany Johnson-Matthews,Brittany Johnson-Matthews,George Mason University,Computer Science,Black,Woman,False,,,,,,,No match found
Daniel Barbara,Daniel Barbara,George Mason University,Computer Science,Hispanic,Man,False,,,,,,,No match found
Asohan Amarasingham,Asohan Amarasingham,"Graduate Center, CUNY",Computer Science,Black,Man,False,,,,,,,No match found
Candido Cabo,Candido Cabo,"Graduate Center, CUNY",Computer Science,Hispanic,Man,False,,,,,,,No match found
Oyewole Oyekoya,Oyewole Oyekoya,"Graduate Center, CUNY",Computer Science,Black,Man,False,,,,,,,No match found
Fernanda Viegas,Fernanda Viegas,Harvard University,Computer Science,Hispanic,Woman,False,,,,,,,No match found
James Mickens,James Mickens,Harvard University,Computer Science,Black,Woman,False,,,,,,,No match found
Harrison Prosper,Harrison Prosper,Indiana University Bloomington,Computer Science,Black,Man,False,,,,,,,No match found
Mayly Sanchez,Mayly Sanchez,Indiana University Bloomington,Computer Science,Hispanic,Woman,False,,,,,,,No match found
Michael Carbin,Michael Carbin,Massachusetts Institute of Technology,Computer Science,Black,Man,False,,,,,,,No match found
Vincent Oria,Vincent Oria,New Jersey Institute of Technology,Computer Science,Black,Man,False,,,,,,,No match found
Kemafor Anyanwu Ogan,Kemafor Anyanwu Ogan,North Carolina State University,Computer Science,Black,Woman,False,,,,,,,No match found
Ricardo Baezayates,Ricardo Baezayates,Northeastern University,Computer Science,Hispanic,Man,False,,,,,,,No match found
Saiph Savage,Saiph Savage,Northeastern University,Computer Science,Hispanic,Woman,False,,,,,,,No match found
Russell Joseph,Russell Joseph,Northwestern University,Computer Science,Black,Man,False,,,,,,,No match found
Christopher Stewart,Christopher Stewart,Ohio State University,Computer Science,Black,Man,False,,,,,,,No match found
Donald Williamson,Donald Williamson,Ohio State University,Computer Science,Black,Man,False,,,,,,,No match found
Donald Ebeigbe,Donald Ebeigbe,Pennsylvania State University,Computer Science,Black,Man,False,,,,,,,No match found
Adji Bousso Dieng,Adji Bousso Dieng,Princeton University,Computer Science,Black,Woman,False,,,,,,,No match found
Andres Monroy Hernandez,Andres Monroy Hernandez,Princeton University,Computer Science,Hispanic,Man,False,,,,,,,No match found
Gustavo Adolfo Junipero Rodriguez-Rivera,Gustavo Adolfo Junipero Rodriguez-Rivera,Purdue University,Computer Science,Hispanic,Man,False,,,,,,,No match found
Alex Gittens,Alex Gittens,Rensselaer Polytechnic Institute,Computer Science,Black,Man,False,,,,,,,No match found
Carlos Varela,Carlos Varela,Rensselaer Polytechnic Institute,Computer Science,Hispanic,Man,False,,,,,,,No match found
Vicente Ordonez Roman,Vicente Ordonez Roman,Rice University,Computer Science,Hispanic,Man,False,,,,,,,No match found
Kunle Olukotun,Kunle Olukotun,Stanford University,Computer Science,Black,Man,False,,,,,,,No match found
Karl Morris,Karl Morris,Temple University,Computer Science,Black,Man,False,,,,,,,No match found
Daniel A. Jimenez,Daniel A Jimenez,Texas A&M University,Computer Science,Hispanic,Man,False,,,,,,,No match found
Dilma Da Silva,Dilma Da Silva,Texas A&M University,Computer Science,Hispanic,Woman,False,,,,,,,No match found
Uma Maheswari Chinta,Uma Maheswari Chinta,Texas Tech University,Computer Science,Native American,Woman,False,,,,,,,No match found
Abdul Serwadda,Abdul Serwadda,Texas Tech University,Computer Science,Black,Man,False,,,,,,,No match found
Chinwe Ekenna,Chinwe Ekenna,"University at Albany, SUNY",Computer Science,Black,Woman,False,,,,,,,No match found
Ifeoma Nwogu,Ifeoma Nwogu,University at Buffalo,Computer Science,Black,Woman,False,,,,,,,No match found
Chris S. Crawford,Chris S Crawford,University of Alabama,Computer Science,Black,Man,False,,,,,,,No match found
Monica Anderson,Monica Anderson,University of Alabama,Computer Science,Black,Woman,False,,,,,,,No match found
Vineetha Menon,Vineetha Menon,University of Alabama in Huntsville,Computer Science,Black,Woman,False,,,,,,,No match found
Jason Pacheco,Jason Pacheco,University of Arizona,Computer Science,Hispanic,Man,False,,,,,,,No match found
Anthony D. Joseph,Anthony D Joseph,"University of California, Berkeley",Computer Science,Black,Man,False,,,,,,,No match found
Alexander Gamero-Garrido,Alexander Gamero-Garrido,"University of California, Davis",Computer Science,Hispanic,Man,False,,,,,,,No match found
Cindy Rubio Gonzalez,Cindy Rubio Gonzalez,"University of California, Davis",Computer Science,Hispanic,Woman,False,,,,,,,No match found
Blaisepascal Tine,Blaisepascal Tine,"University of California, Los Angeles",Computer Science,Black,Man,False,,,,,,,No match found
Saadia Gabriel,Saadia Gabriel,"University of California, Los Angeles",Computer Science,Black,Woman,True,b0654392ac85,Saadia Gabriel,"University of California, Los Angeles",black,man,high,"The name 'Saadia Gabriel' matches exactly with the cleaned name in the database. Additionally, the university affiliation 'University of California, Los Angeles' is the same for both the database faculty and the potential speaker. There are no discrepancies in the name or university, leading to a high confidence match."
Imani Munyaka,Imani Munyaka,"University of California, San Diego",Computer Science,Black,Woman,False,,,,,,,No match found
Ndapa Nakashole,Ndapa Nakashole,"University of California, San Diego",Computer Science,Black,Woman,False,,,,,,,No match found
Carolina Cruzneira,Carolina Cruzneira,University of Central Florida,Computer Science,Hispanic,Woman,False,,,,,,,No match found
Raul Castro Fernandez,Raul Castro Fernandez,University of Chicago,Computer Science,Hispanic,Man,True,7b4dec9ef908,Raul Castro Fernandez,University of Chicago,latino,man,high,"The full name 'Raul Castro Fernandez' matches exactly with the name in the database, and the university affiliation 'University of Chicago' is also the same. There are no variations or misspellings to consider, making this a high-confidence match."
James Curry,James Curry,University of Colorado Boulder,Computer Science,Black,Man,False,,,,,,,No match found
Christan Grant,Christan Grant,University of Florida,Computer Science,Black,Man,False,,,,,,,No match found
Christina Gardner-McCune,Christina Gardner-McCune,University of Florida,Computer Science,Black,Woman,False,,,,,,,No match found
Emmanuel J. Dorley,Emmanuel J Dorley,University of Florida,Computer Science,Black,Man,False,,,,,,,No match found
Juan E. Gilbert,Juan E Gilbert,University of Florida,Computer Science,Black,Man,False,,,,,,,No match found
Kevin R. B. Butler,Kevin R B Butler,University of Florida,Computer Science,Black,Man,False,,,,,,,No match found
Kyla Mcmullen,Kyla Mcmullen,University of Florida,Computer Science,Black,Man,False,,,,,,,No match found
Thamar Solorio,Thamar Solorio,University of Houston,Computer Science,Hispanic,Woman,False,,,,,,,No match found
Dmitri Perkins,Dmitri Perkins,"University of Maryland, Baltimore County",Computer Science,Black,Woman,False,,,,,,,No match found
Pablo Paredes,Pablo Paredes,"University of Maryland, College Park",Computer Science,Hispanic,Man,False,,,,,,,No match found
Juan Jimenez,Juan Jimenez,University of Massachusetts Amherst,Computer Science,Hispanic,Man,False,,,,,,,No match found
Shannon Roberts,Shannon Roberts,University of Massachusetts Amherst,Computer Science,Black,Woman,False,,,,,,,No match found
Vanessa Aguiarpulido,Vanessa Aguiarpulido,University of Miami,Computer Science,Hispanic,Woman,False,,,,,,,No match found
Lydia Tapia,Lydia Tapia,University of New Mexico,Computer Science,Hispanic,Woman,False,,,,,,,No match found
Trilce Estrada,Trilce Estrada,University of New Mexico,Computer Science,Hispanic,Woman,False,,,,,,,No match found
Diego Gomez-Zara,Diego Gomez-Zara,University of Notre Dame,Computer Science,Hispanic,Man,False,,,,,,,No match found
Karla Badillourquiola,Karla Badillourquiola,University of Notre Dame,Computer Science,Hispanic,Woman,False,,,,,,,No match found
Alejandro Ribeiro,Alejandro Ribeiro,University of Pennsylvania,Computer Science,Hispanic,Woman,False,,,,,,,No match found
Kevin B. Johnson,Kevin B Johnson,University of Pennsylvania,Computer Science,Black,Man,False,,,,,,,No match found
Gonzalo Mateos,Gonzalo Mateos,University of Rochester,Computer Science,Hispanic,Man,False,,,,,,,No match found
John Murraybruce,John Murraybruce,University of South Florida,Computer Science,Black,Man,False,,,,,,,No match found
Tempestt Neal,Tempestt Neal,University of South Florida,Computer Science,Black,Woman,False,,,,,,,No match found
Habeeb Olufowobi,Habeeb Olufowobi,University of Texas at Arlington,Computer Science,Black,Man,False,,,,,,,No match found
Natalia Villanueva-Rosales,Natalia Villanueva-Rosales,University of Texas at El Paso,Computer Science,Hispanic,Woman,False,,,,,,,No match found
Amanda Fernandez,Amanda Fernandez,University of Texas at San Antonio,Computer Science,Hispanic,Woman,False,,,,,,,No match found
Leilani Battle,Leilani Battle,University of Washington,Computer Science,Black,Woman,False,,,,,,,No match found
Charles Lee Isbell Jr.,Charles Lee Isbell Jr,University of Wisconsin-Madison,Computer Science,Black,Man,False,,,,,,,No match found
Chris Brown,Chris Brown,Virginia Tech,Computer Science,Black,Woman,False,,,,,,,No match found
Ihudiya Finda Williams,Ihudiya Finda Williams,Virginia Tech,Computer Science,Black,Woman,True,52d9e9117b5b,Ihudiya Finda Williams,Virginia Polytechnic Institute and State University,black,man,high,"The full name 'Ihudiya Finda Williams' matches exactly between the database faculty and the potential speaker. Additionally, the university affiliation 'Virginia Tech' is synonymous with 'Virginia Polytechnic Institute and State University,' confirming the match. There are no discrepancies in the name or university, leading to a high confidence in this match."
Assefaw Gebremedhin,Assefaw Gebremedhin,Washington State University,Computer Science,Black,Woman,True,9b3439bcb80a,Assefaw Gebremedhin,Washington State University,black,man,high,"The full name 'Assefaw Gebremedhin' matches exactly between the database faculty and the potential speaker. Additionally, the university affiliation 'Washington State University' is the same for both the database faculty and the potential speaker, further confirming the match."
Jose Delgadofrias,Jose Delgadofrias,Washington State University,Computer Science,Hispanic,Woman,False,,,,,,,No match found
Alvitta Ottley,Alvitta Ottley,Washington University in St. Louis,Computer Science,Black,Woman,False,,,,,,,No match found
Kim Blenman,Kim Blenman,Yale University,Computer Science,Black,Woman,False,,,,,,,No match found
Marynel Vazquez,Marynel Vazquez,Yale University,Computer Science,Hispanic,Woman,False,,,,,,,No match found
Malena Espanol,Malena Espanol,Arizona State University,Mathematics,Hispanic,Woman,False,,,,,,,No match found
Javier Gamez-Serrano,Javier Gamez-Serrano,Brown University,Mathematics,Hispanic,Man,False,,,,,,,No match found
Javier Pena,Javier Pena,Carnegie Mellon University,Mathematics,Hispanic,Man,False,,,,,,,No match found
Michael Young,Michael Young,Carnegie Mellon University,Mathematics,Black,Man,False,,,,,,,No match found
Abdulnasah Soale,Abdulnasah Soale,Case Western Reserve University,Mathematics,Black,Man,False,,,,,,,No match found
Keisha Cook,Keisha Cook,Clemson University,Mathematics,Black,Woman,True,4121e40835bf,Keisha Cook,Clemson University,black,woman,high,"The name 'Keisha Cook' from the database faculty matches exactly with the name 'Keisha Cook' in the potential speaker list. Additionally, both are affiliated with Clemson University, which further supports the match. There are no discrepancies in the name or university affiliation, leading to a high confidence in this match."
Pelin Guven Geredeli,Pelin Guven Geredeli,Clemson University,Mathematics,Hispanic,Woman,False,,,,,,,No match found
Robert Dicks,Robert Dicks,Clemson University,Mathematics,Black,Man,True,29d3e37e35cf,Robert Dicks,Clemson University,white,man,high,"The name 'Robert Dicks' from the database faculty matches exactly with the name 'Robert Dicks' in the potential speaker list. Additionally, both are affiliated with Clemson University, which further supports the match. There are no variations or discrepancies in the name or university affiliation, leading to a high confidence in this match."
Cecilia Diniz Behn,Cecilia Diniz Behn,Colorado School of Mines,Mathematics,Hispanic,Woman,False,,,,,,,No match found
Luis Tenorio,Luis Tenorio,Colorado School of Mines,Mathematics,Hispanic,Man,False,,,,,,,No match found
Hortensia Soto,Hortensia Soto,Colorado State University,Mathematics,Hispanic,Woman,True,c2ca771defa0,Hortensia Soto,Colorado State University,latino,man,high,"The name 'Hortensia Soto' matches exactly with the database entry, and the university affiliation 'Colorado State University' is also the same. This provides a strong indication that the speaker is the same individual as the faculty member in the database."
Iuliana Oprea,Iuliana Oprea,Colorado State University,Mathematics,Hispanic,Woman,False,,,,,,,No match found
Amadou Bah,Amadou Bah,Columbia University,Mathematics,Black,Man,True,2a9719efe300,Amadou Bah,Columbia University,black,man,high,"The name 'Amadou Bah' from the database faculty matches exactly with the name 'Amadou Bah' in the potential speaker list. Additionally, both are affiliated with Columbia University, which further supports the match. There are no variations or misspellings to consider, making this a high-confidence match."
Daniela De Silva,Daniela De Silva,Columbia University,Mathematics,Hispanic,Woman,False,,,,,,,No match found
Karola Meszaros,Karola Meszaros,Cornell University,Mathematics,Hispanic,Woman,False,,,,,,,No match found
Talea L. Mayo,Talea L Mayo,Emory University,Mathematics,Black,Woman,False,,,,,,,No match found
Louis Roder Tcheugoue Tebou,Louis Roder Tcheugoue Tebou,Florida International University,Mathematics,Black,Man,False,,,,,,,No match found
Philippe Rukimbira,Philippe Rukimbira,Florida International University,Mathematics,Black,Man,True,aa4ecfe73aa5,Philippe Rukimbira,Florida International University,black,man,high,"The full name 'Philippe Rukimbira' matches exactly with the name in the database, and the university affiliation 'Florida International University' is also the same. There are no variations or misspellings to consider, making this a high-confidence match."
Theodore Tachim Medjo,Theodore Tachim Medjo,Florida International University,Mathematics,Black,Man,False,,,,,,,No match found
Rosemberg Toala-Enriquez,Rosemberg Toala-Enriquez,George Mason University,Mathematics,Hispanic,Man,False,,,,,,,No match found
David Caraballo,David Caraballo,Georgetown University,Mathematics,Hispanic,Man,False,,,,,,,No match found
Mahlet Tadesse,Mahlet Tadesse,Georgetown University,Mathematics,Black,Woman,False,,,,,,,No match found
Mariana Montiel,Mariana Montiel,Georgia State University,Mathematics,Hispanic,Woman,False,,,,,,,No match found
Edinah Gnang,Edinah Gnang,Johns Hopkins University,Mathematics,Black,Man,False,,,,,,,No match found
Diego Maldonado,Diego Maldonado,Kansas State University,Mathematics,Hispanic,Woman,False,,,,,,,No match found
Michael M. Tom,Michael M Tom,Louisiana State University,Mathematics,Black,Man,False,,,,,,,No match found
Daniel Alvarez-Gavela,Daniel Alvarez-Gavela,Massachusetts Institute of Technology,Mathematics,Hispanic,Man,True,6f54504a2b46,Daniel Alvarez-Gavela,Brandeis University,latino,man,high,"The full name 'Daniel Alvarez-Gavela' matches exactly between the database faculty and the potential speaker. Although the university affiliations differ, it is common for faculty members to move between institutions. The exact name match provides high confidence in this identification."
Rodolfo Rosales,Rodolfo Rosales,Massachusetts Institute of Technology,Mathematics,Hispanic,Man,False,,,,,,,No match found
Velinda Calvert,Velinda Calvert,Mississippi State University,Mathematics,Black,Woman,False,,,,,,,No match found
Sara Shamekh,Sara Shamekh,New York University,Mathematics,Black,Woman,False,,,,,,,No match found
Laura Colmenarejo,Laura Colmenarejo,North Carolina State University,Mathematics,Hispanic,Woman,True,731580dbbf00,Laura Colmenarejo,North Carolina State University,latino,man,high,"The name 'Laura Colmenarejo' from the database matches exactly with the name 'Laura Colmenarejo' in the potential speakers list. Additionally, both are affiliated with North Carolina State University, which further confirms the match. There are no discrepancies in the name or university affiliation, leading to a high confidence in this match."
Yairon Cid Ruiz,Yairon Cid Ruiz,North Carolina State University,Mathematics,Hispanic,Man,False,,,,,,,No match found
Maria De Los Angeles Alfonseca-Cubero,Maria De Los Angeles Alfonseca-Cubero,North Dakota State University,Mathematics,Hispanic,Woman,False,,,,,,,No match found
Jonathan Esole,Jonathan Esole,Northeastern University,Mathematics,Black,Man,False,,,,,,,No match found
Jose Perea,Jose Perea,Northeastern University,Mathematics,Black,Man,False,,,,,,,No match found
Lace Padilla,Lace Padilla,Northeastern University,Mathematics,Hispanic,Woman,False,,,,,,,No match found
Santiago Canez,Santiago Canez,Northwestern University,Mathematics,Hispanic,Man,False,,,,,,,No match found
Angelica Cueto,Angelica Cueto,Ohio State University,Mathematics,Hispanic,Woman,False,,,,,,,No match found
Cesar Cuenca,Cesar Cuenca,Ohio State University,Mathematics,Hispanic,Man,True,2585e201e154,Cesar Cuenca,Ohio State University,white,man,high,"The name 'Cesar Cuenca' from the database faculty matches exactly with the name 'Cesar Cuenca' in the potential speaker list. Additionally, both are affiliated with Ohio State University, which further supports the match. There are no discrepancies in the name or university affiliation, leading to a high confidence in this match."
Luis Casian,Luis Casian,Ohio State University,Mathematics,Hispanic,Man,False,,,,,,,No match found
John Johnson,John Johnson,Ohio State University,Mathematics,Black,Man,False,,,,,,,No match found
Norou Diawara,Norou Diawara,Old Dominion University,Mathematics,Black,Man,False,,,,,,,No match found
Aissa Wade,Aissa Wade,Pennsylvania State University,Mathematics,Black,Woman,False,,,,,,,No match found
Carina Curto,Carina Curto,Pennsylvania State University,Mathematics,Hispanic,Woman,False,,,,,,,No match found
Chelsea Walton,Chelsea Walton,Rice University,Mathematics,Black,Woman,True,21bfa4d58050,Chelsea Walton,Rice University,black,woman,high,"The name 'Chelsea Walton' from the database matches exactly with the name 'Chelsea Walton' in the potential speaker list. Additionally, both are affiliated with Rice University, which further supports the match. There are no discrepancies in the name or university affiliation, leading to a high confidence in the match."
Juan Pablo Mejia Ramos,Juan Pablo Mejia Ramos,Rutgers University-New Brunswick,Mathematics,Hispanic,Man,False,,,,,,,No match found
Gerardo A. Mendoza,Gerardo A Mendoza,Temple University,Mathematics,Hispanic,Man,False,,,,,,,No match found
Raegan Higgins,Raegan Higgins,Texas Tech University,Mathematics,Black,Woman,False,,,,,,,No match found
Eric Quinto,Eric Quinto,Tufts University,Mathematics,Hispanic,Man,False,,,,,,,No match found
Ricardo Cortez,Ricardo Cortez,Tulane University,Mathematics,Hispanic,Woman,False,,,,,,,No match found
David Cruz-Uribe,David Cruz-Uribe,University of Alabama,Mathematics,Hispanic,Man,True,87770b2575a6,David Cruz-Uribe,University of Alabama,latino,man,high,"The full name 'David Cruz-Uribe' matches exactly between the database faculty and the potential speaker. Additionally, both are affiliated with the University of Alabama, which further supports the match. There are no variations or misspellings to consider in this case, leading to a high confidence in the match."
Roberto Toro-Rodriguez,Roberto Toro-Rodriguez,University of Alabama,Mathematics,Hispanic,Man,False,,,,,,,No match found
Roger Sidje,Roger Sidje,University of Alabama,Mathematics,Black,Man,False,,,,,,,No match found
Marius N. Nkashama,Marius N Nkashama,University of Alabama at Birmingham,Mathematics,Black,Man,False,,,,,,,No match found
Toka Diagana,Toka Diagana,University of Alabama in Huntsville,Mathematics,Black,Man,False,,,,,,,No match found
Pedro Aceves Sanchez,Pedro Aceves Sanchez,University of Arizona,Mathematics,Hispanic,Man,False,,,,,,,No match found
Tonatiuh Sanchez Vizuet,Tonatiuh Sanchez Vizuet,University of Arizona,Mathematics,Hispanic,Man,True,2900e195f9da,Tonatiuh Sanchez Vizuet,University of Arizona,latino,man,high,"The full name 'Tonatiuh Sanchez Vizuet' matches exactly between the database faculty and the potential speaker. Additionally, the university affiliation 'University of Arizona' is the same for both entries, further confirming the match."
Mariel Vazquez,Mariel Vazquez,"University of California, Davis",Mathematics,Hispanic,Woman,False,,,,,,,No match found
Joaquin Moraga,Joaquin Moraga,"University of California, Los Angeles",Mathematics,Hispanic,Man,True,850369ec240d,Joaquin Moraga,"University of California, Los Angeles",latino,man,high,"The name 'Joaquin Moraga' from the database faculty matches exactly with the name 'Joaquin Moraga' in the potential speaker list. Additionally, both are affiliated with the University of California, Los Angeles, which further supports the match. There are no variations or discrepancies in the name or university affiliation, leading to a high confidence in this match."
Wilfrid Gangbo,Wilfrid Gangbo,"University of California, Los Angeles",Mathematics,Black,Man,True,2bde6259a2a9,Wilfrid Gangbo,"University of California, Los Angeles",black,man,high,"The name 'Wilfrid Gangbo' from the database faculty matches exactly with the name 'Wilfrid Gangbo' in the potential speaker list. Additionally, both are affiliated with the University of California, Los Angeles, which further supports the match. There are no discrepancies in the name or university affiliation, leading to a high confidence in this match."
Patricio Gallardo Candela,Patricio Gallardo Candela,"University of California, Riverside",Mathematics,Hispanic,Man,True,1dd62618152d,Patricio Gallardo,"University of California, Riverside",black,man,high,"The name 'Patricio Gallardo' is a close match to 'Patricio Gallardo Candela', with the only difference being the absence of the middle name 'Candela'. The university affiliation is the same, University of California, Riverside, which strongly suggests that this is the same individual. Middle names are often omitted in professional settings, making this a likely match."
Carlos Garcia-Cervera,Carlos Garcia-Cervera,"University of California, Santa Barbara",Mathematics,Hispanic,Man,False,,,,,,,No match found
Gustavo Ponce,Gustavo Ponce,"University of California, Santa Barbara",Mathematics,Hispanic,Man,False,,,,,,,No match found
Hector D. Ceniceros,Hector D Ceniceros,"University of California, Santa Barbara",Mathematics,Hispanic,Man,False,,,,,,,No match found
Abey Lopez-Garcia,Abey Lopez-Garcia,University of Central Florida,Mathematics,Hispanic,Man,False,,,,,,,No match found
Katiuscia Teixeira,Katiuscia Teixeira,University of Central Florida,Mathematics,Hispanic,Woman,False,,,,,,,No match found
Richard Green,Richard Green,University of Colorado Boulder,Mathematics,Black,Man,True,b9e14717a616,Richard Green,University of Colorado Boulder,white,man,high,"The name 'Richard Green' matches exactly with the database entry, and the university affiliation 'University of Colorado Boulder' is also an exact match. This provides a high confidence level that the speaker with ID 'b9e14717a616' is the same individual as the database faculty member."
Alvaro Lozano-Robledo,Alvaro Lozano-Robledo,University of Connecticut,Mathematics,Hispanic,Man,True,4c08080304a9,Álvaro Lozano-Robledo,University of Connecticut,latino,man,high,"The name 'Álvaro Lozano-Robledo' from the potential speakers matches 'Alvaro Lozano-Robledo' from the database faculty, accounting for the accent on the 'Á'. Both are affiliated with the University of Connecticut, which further supports the match. The combination of name similarity and identical university affiliation provides high confidence in this match."
Calistus Ngonghala,Calistus Ngonghala,University of Florida,Mathematics,Black,Man,False,,,,,,,No match found
Danny Martin,Danny Martin,University of Illinois Chicago,Mathematics,Black,Man,False,,,,,,,No match found
Gerard Awanou,Gerard Awanou,University of Illinois Chicago,Mathematics,Black,Man,False,,,,,,,No match found
Ronnie Nagloo,Ronnie Nagloo,University of Illinois Chicago,Mathematics,Black,Man,False,,,,,,,No match found
Tolulope Fadina,Tolulope Fadina,University of Illinois Urbana-Champaign,Mathematics,Black,Woman,False,,,,,,,No match found
Raul Curto,Raul Curto,University of Iowa,Mathematics,Hispanic,Man,False,,,,,,,No match found
Rodica Curtu,Rodica Curtu,University of Iowa,Mathematics,Hispanic,Woman,False,,,,,,,No match found
Daniel Hernandez,Daniel Hernandez,University of Kansas,Mathematics,Hispanic,Man,False,,,,,,,No match found
Leonel Robert Gonzalez,Leonel Robert Gonzalez,University of Louisiana at Lafayette,Mathematics,Hispanic,Man,False,,,,,,,No match found
Patricia Beaulieu,Patricia Beaulieu,University of Louisiana at Lafayette,Mathematics,Black,Woman,False,,,,,,,No match found
Matthew Hernandez,Matthew Hernandez,University of Maine,Mathematics,Hispanic,Man,True,3d0c9bd6d5bd,Matthew Hernandez,University of Maine,latino,man,high,"The full name 'Matthew Hernandez' matches exactly between the database faculty and the potential speaker. Additionally, the university affiliation 'University of Maine' is the same for both, which strongly supports the match. There are no variations or misspellings to consider in this case, leading to a high confidence in the match."
Carlos Soto,Carlos Soto,University of Massachusetts Amherst,Mathematics,Hispanic,Man,True,c573530f4a56,Carlos Soto,University of Massachusetts Amherst,latino,man,high,"The name 'Carlos Soto' from the database faculty matches exactly with the name 'Carlos Soto' in the potential speaker list. Additionally, both are affiliated with the University of Massachusetts Amherst, which further confirms the match. There are no discrepancies in the name or university affiliation, leading to a high confidence in this match."
Alejandro Morales,Alejandro Morales,University of Massachusetts Amherst,Mathematics,Hispanic,Man,False,,,,,,,No match found
E. Olusegun George,E Olusegun George,University of Memphis,Mathematics,Black,Man,False,,,,,,,No match found
Bruno De Oliveira,Bruno De Oliveira,University of Miami,Mathematics,Hispanic,Man,False,,,,,,,No match found
Orlando Alvarez,Orlando Alvarez,University of Miami,Mathematics,Hispanic,Man,False,,,,,,,No match found
Trachette Jackson,Trachette Jackson,University of Michigan,Mathematics,Black,Woman,False,,,,,,,No match found
Erwin Mina Diaz,Erwin Mina Diaz,University of Mississippi,Mathematics,Hispanic,Man,False,,,,,,,No match found
Martial Longla,Martial Longla,University of Mississippi,Mathematics,Black,Man,True,707e6ec535c5,Martial Longla,University of Mississippi,black,man,high,"The full name 'Martial Longla' matches exactly between the database faculty and the potential speaker. Additionally, the university affiliation 'University of Mississippi' is the same for both, indicating a strong likelihood that they are the same individual."
Chartese Jones,Chartese Jones,University of Missouri,Mathematics,Black,Man,False,,,,,,,No match found
Xavier Perez Gimenez,Xavier Perez Gimenez,University of Nebraska-Lincoln,Mathematics,Hispanic,Man,False,,,,,,,No match found
Paul Hurtado,Paul Hurtado,"University of Nevada, Reno",Mathematics,Hispanic,Man,False,,,,,,,No match found
Sheree Sharpe,Sheree Sharpe,University of New Hampshire,Mathematics,Black,Woman,False,,,,,,,No match found
Maria Cristina Pereyra,Maria Cristina Pereyra,University of New Mexico,Mathematics,Hispanic,Woman,True,4cb3443b4527,Maria Cristina Pereyra,University of New Mexico,latino,man,high,"The full name 'Maria Cristina Pereyra' matches exactly with the name in the database, and the university affiliation 'University of New Mexico' is also the same. There are no discrepancies in the name or university, leading to a high confidence match."
Idris Assani,Idris Assani,University of North Carolina at Chapel Hill,Mathematics,Black,Man,False,,,,,,,No match found
Pedro J. Saenz,Pedro J Saenz,University of North Carolina at Chapel Hill,Mathematics,Hispanic,Woman,False,,,,,,,No match found
Juanita Pinzon Caicedo,Juanita Pinzon Caicedo,University of Notre Dame,Mathematics,Hispanic,Woman,False,,,,,,,No match found
Javier Alejandro Chavez-Dominguez,Javier Alejandro Chavez-Dominguez,University of Oklahoma,Mathematics,Hispanic,Man,True,9edf67892244,Alejandro Chávez-Domínguez,University of Oklahoma,latino,man,high,"The name 'Alejandro Chávez-Domínguez' is a close match to 'Javier Alejandro Chavez-Dominguez', with the middle name 'Javier' possibly omitted or used interchangeably. Both individuals are affiliated with the University of Oklahoma and are in the same discipline of Mathematics, which strongly suggests they are the same person. The minor variation in the name is likely due to common practices of using middle names or initials variably in different contexts."
Paula Vasquez,Paula Vasquez,University of South Carolina,Mathematics,Hispanic,Woman,False,,,,,,,No match found
Cris Negron,Cris Negron,University of Southern California,Mathematics,Black,Man,True,5b2ee716ba83,Cris Negron,University of Southern California,black,man,high,"The name 'Cris Negron' from the database matches exactly with the name 'Cris Negron' in the potential speaker list. Additionally, both are affiliated with the University of Southern California, which further supports the match. There are no discrepancies in the name or university affiliation, leading to a high confidence in this match."
Erika Tatiana Camacho,Erika Tatiana Camacho,University of Texas at San Antonio,Mathematics,Hispanic,Woman,False,,,,,,,No match found
Fernando Guevara Vasquez,Fernando Guevara Vasquez,University of Utah,Mathematics,Hispanic,Man,True,3a4523fad723,Fernando Guevara Vasquez,University of Utah,latino,man,high,"The full name 'Fernando Guevara Vasquez' matches exactly with the name in the database, and the university affiliation 'University of Utah' is also the same. There are no discrepancies in the name or university, leading to a high confidence match."
Gloria Mari-Beffa,Gloria Mari-Beffa,University of Wisconsin-Madison,Mathematics,Hispanic,Woman,False,,,,,,,No match found
Sean T. Paul,Sean T Paul,University of Wisconsin-Madison,Mathematics,Black,Woman,False,,,,,,,No match found
Hiram H. Lopez Valdez,Hiram H Lopez Valdez,Virginia Tech,Mathematics,Hispanic,Man,False,,,,,,,No match found
Jose Ramon Madrid Padilla,Jose Ramon Madrid Padilla,Virginia Tech,Mathematics,Hispanic,Man,True,40c417371991,José Ramón Madrid Padilla,Virginia Polytechnic Institute and State University,latino,man,high,"The name 'Jose Ramon Madrid Padilla' from the database matches exactly with 'José Ramón Madrid Padilla' from the potential speakers, accounting for accent marks. Additionally, 'Virginia Tech' is commonly used interchangeably with 'Virginia Polytechnic Institute and State University', indicating the same institution. Therefore, the match is highly likely."
Tamunonye Cheetham-West,Tamunonye Cheetham-West,Yale University,Mathematics,Black,Man,True,5725a5f53595,Tamunonye Cheetham-West,Yale University,black,man,high,"The full name 'Tamunonye Cheetham-West' matches exactly between the database faculty and the potential speaker. Additionally, the university affiliation 'Yale University' is the same for both entries, which further supports the match. There are no variations or misspellings to account for, making this a high-confidence match."
Pedro Peralta,Pedro Peralta,Arizona State University,Mechanical Engineering,Hispanic,Man,False,,,,,,,No match found
Mir Jalil Razavi,Mir Jalil Razavi,Binghamton University,Mechanical Engineering,Hispanic,Man,False,,,,,,,No match found
Valeri Frumkin,Valeri Frumkin,Boston University,Mechanical Engineering,Hispanic,Man,False,,,,,,,No match found
Gabriel Taubin,Gabriel Taubin,Brown University,Mechanical Engineering,Hispanic,Man,False,,,,,,,No match found
Kimani Toussaint,Kimani Toussaint,Brown University,Mechanical Engineering,Black,Man,False,,,,,,,No match found
Monica Martinez Wilhelmus,Monica Martinez Wilhelmus,Brown University,Mechanical Engineering,Hispanic,Woman,False,,,,,,,No match found
John O. Dabiri,John O Dabiri,California Institute of Technology,Mechanical Engineering,Black,Man,False,,,,,,,No match found
Jose E. Andrade,Jose E Andrade,California Institute of Technology,Mechanical Engineering,Hispanic,Man,False,,,,,,,No match found
Kaushik Bhattacharya,Kaushik Bhattacharya,California Institute of Technology,Mechanical Engineering,Native American,Man,False,,,,,,,No match found
Sandra M. Troian,Sandra M Troian,California Institute of Technology,Mechanical Engineering,Hispanic,Woman,False,,,,,,,No match found
Conrad Tucker,Conrad Tucker,Carnegie Mellon University,Mechanical Engineering,Black,Man,False,,,,,,,No match found
Noelia Grande Gutierrez,Noelia Grande Gutierrez,Carnegie Mellon University,Mechanical Engineering,Hispanic,Woman,True,44f179893881,Noelia Grande Gutiérrez,Carnegie Mellon University,latino,woman,high,"The cleaned names 'Noelia Grande Gutierrez' from the database and 'Noelia Grande Gutiérrez' from the potential speaker match are identical, accounting for the common transcription variation in the accent on the 'e'. Additionally, both are affiliated with Carnegie Mellon University, which further supports the match. The combination of name and university affiliation provides a high confidence level in this match."
Brian Taylor,Brian Taylor,Case Western Reserve University,Mechanical Engineering,Black,Man,False,,,,,,,No match found
Enrique Martinez Saez,Enrique Martinez Saez,Clemson University,Mechanical Engineering,Hispanic,Man,False,,,,,,,No match found
Rodrigo Martinez-Duarte,Rodrigo Martinez-Duarte,Clemson University,Mechanical Engineering,Hispanic,Man,False,,,,,,,No match found
Veronica Eliasson,Veronica Eliasson,Colorado School of Mines,Mechanical Engineering,Hispanic,Woman,False,,,,,,,No match found
Karen E. Kasza,Karen E Kasza,Columbia University,Mechanical Engineering,Hispanic,Woman,False,,,,,,,No match found
Cara Nunez,Cara Nunez,Cornell University,Mechanical Engineering,Hispanic,Woman,False,,,,,,,No match found
Darryl Dickerson,Darryl Dickerson,Florida International University,Mechanical Engineering,Black,Man,False,,,,,,,No match found
Norman D. H. Munroe,Norman D H Munroe,Florida International University,Mechanical Engineering,Black,Man,False,,,,,,,No match found
Peter Kalu,Peter Kalu,Florida State University,Mechanical Engineering,Black,Man,False,,,,,,,No match found
Simone Peterson Hruda,Simone Peterson Hruda,Florida State University,Mechanical Engineering,Black,Woman,False,,,,,,,No match found
Carl Moore,Carl Moore,Florida State University,Mechanical Engineering,Black,Man,False,,,,,,,No match found
Juan Ordonez,Juan Ordonez,Florida State University,Mechanical Engineering,Hispanic,Man,False,,,,,,,No match found
Juan Cebral,Juan Cebral,George Mason University,Mechanical Engineering,Hispanic,Man,False,,,,,,,No match found
Quentin Sanders,Quentin Sanders,George Mason University,Mechanical Engineering,Black,Man,False,,,,,,,No match found
Saanyol Ityokumbul Igbax,Saanyol Ityokumbul Igbax,George Mason University,Mechanical Engineering,Black,Man,False,,,,,,,No match found
Lorena A. Barba,Lorena A Barba,George Washington University,Mechanical Engineering,Hispanic,Woman,False,,,,,,,No match found
Baratunde A. Cola,Baratunde A Cola,Georgia Institute of Technology,Mechanical Engineering,Black,Man,False,,,,,,,No match found
Frank L. Hammond III,Frank L Hammond III,Georgia Institute of Technology,Mechanical Engineering,Black,Man,False,,,,,,,No match found
Samuel Graham,Samuel Graham,Georgia Institute of Technology,Mechanical Engineering,Black,Man,False,,,,,,,No match found
Tequila A. L. Harris,Tequila A L Harris,Georgia Institute of Technology,Mechanical Engineering,Black,Woman,False,,,,,,,No match found
Carmen L. Gomes,Carmen L Gomes,Iowa State University,Mechanical Engineering,Hispanic,Woman,False,,,,,,,No match found
Mark Mbawright,Mark Mbawright,Iowa State University,Mechanical Engineering,Black,Man,False,,,,,,,No match found
Sarah A. Bentil,Sarah A Bentil,Iowa State University,Mechanical Engineering,Black,Woman,False,,,,,,,No match found
Jeremy Brown,Jeremy Brown,Johns Hopkins University,Mechanical Engineering,Black,Man,False,,,,,,,No match found
Ope Owoyele,Ope Owoyele,Louisiana State University,Mechanical Engineering,Black,Man,False,,,,,,,No match found
Loza Tadesse,Loza Tadesse,Massachusetts Institute of Technology,Mechanical Engineering,Black,Woman,False,,,,,,,No match found
Roberta Amendola,Roberta Amendola,Montana State University,Mechanical Engineering,Hispanic,Woman,False,,,,,,,No match found
Kwabena Narh,Kwabena Narh,New Jersey Institute of Technology,Mechanical Engineering,Black,Man,False,,,,,,,No match found
Sanchoy Das,Sanchoy Das,New Jersey Institute of Technology,Mechanical Engineering,Black,Man,False,,,,,,,No match found
Gracious Ngaile,Gracious Ngaile,North Carolina State University,Mechanical Engineering,Black,Man,False,,,,,,,No match found
Darius Carter,Darius Carter,North Carolina State University,Mechanical Engineering,Black,Man,False,,,,,,,No match found
Majura Selekwa,Majura Selekwa,North Dakota State University,Mechanical Engineering,Black,Man,False,,,,,,,No match found
Carlos Hidrovo,Carlos Hidrovo,Northeastern University,Mechanical Engineering,Hispanic,Man,False,,,,,,,No match found
Marilyn L. Minus,Marilyn L Minus,Northeastern University,Mechanical Engineering,Black,Woman,False,,,,,,,No match found
Oluwaseyi Balogun,Oluwaseyi Balogun,Northwestern University,Mechanical Engineering,Black,Man,False,,,,,,,No match found
Annie Abell,Annie Abell,Ohio State University,Mechanical Engineering,Hispanic,Woman,False,,,,,,,No match found
Daniel Cortes,Daniel Cortes,Pennsylvania State University,Mechanical Engineering,Hispanic,Man,False,,,,,,,No match found
Aimy Wissa,Aimy Wissa,Princeton University,Mechanical Engineering,Black,Woman,True,72d29b33de40,Aimy Wissa,Princeton University,white,woman,high,"The name 'Aimy Wissa' from the database faculty matches exactly with the name 'Aimy Wissa' in the potential speaker list. Additionally, both are affiliated with Princeton University, which further confirms the match. There are no variations or misspellings involved, making this a high-confidence match."
Christine Allen-Blanchette,Christine Allen-Blanchette,Princeton University,Mechanical Engineering,Black,Woman,False,,,,,,,No match found
Eduardo Barocio Vaca,Eduardo Barocio Vaca,Purdue University,Mechanical Engineering,Hispanic,Man,False,,,,,,,No match found
Hector Gomez,Hector Gomez,Purdue University,Mechanical Engineering,Hispanic,Man,False,,,,,,,No match found
James Gibert,James Gibert,Purdue University,Mechanical Engineering,Black,Man,False,,,,,,,No match found
Marcial Gonzalez,Marcial Gonzalez,Purdue University,Mechanical Engineering,Hispanic,Man,False,,,,,,,No match found
Monique Mcclain,Monique Mcclain,Purdue University,Mechanical Engineering,Black,Woman,False,,,,,,,No match found
C. Fred Higgs III,C Fred Higgs III,Rice University,Mechanical Engineering,Black,Woman,False,,,,,,,No match found
Kimberly Cook-Chennault,Kimberly Cook-Chennault,Rutgers University-New Brunswick,Mechanical Engineering,Black,Woman,False,,,,,,,No match found
Michaelle Ntala Mayalu,Michaelle Ntala Mayalu,Stanford University,Mechanical Engineering,Black,Woman,False,,,,,,,No match found
Monroe Kennedy III,Monroe Kennedy III,Stanford University,Mechanical Engineering,Black,Man,False,,,,,,,No match found
Foluso Ladeinde,Foluso Ladeinde,Stony Brook University,Mechanical Engineering,Black,Man,False,,,,,,,No match found
Juldeh Sesay,Juldeh Sesay,Stony Brook University,Mechanical Engineering,Black,Man,False,,,,,,,No match found
Chandler Benjamin,Chandler Benjamin,Texas A&M University,Mechanical Engineering,Black,Man,False,,,,,,,No match found
Dion S. Antao,Dion S Antao,Texas A&M University,Mechanical Engineering,Hispanic,Man,False,,,,,,,No match found
Guillermo Aguilar,Guillermo Aguilar,Texas A&M University,Mechanical Engineering,Hispanic,Man,False,,,,,,,No match found
Michael Moreno,Michael Moreno,Texas A&M University,Mechanical Engineering,Hispanic,Man,False,,,,,,,No match found
Adelia Aquino,Adelia Aquino,Texas Tech University,Mechanical Engineering,Hispanic,Woman,False,,,,,,,No match found
Stephen Ekwaroosire,Stephen Ekwaroosire,Texas Tech University,Mechanical Engineering,Black,Man,False,,,,,,,No match found
Victor Maldonado,Victor Maldonado,Texas Tech University,Mechanical Engineering,Hispanic,Man,False,,,,,,,No match found
Trevion Henderson,Trevion Henderson,Tufts University,Mechanical Engineering,Black,Man,False,,,,,,,No match found
Nicholas R. Sandoval,Nicholas R Sandoval,Tulane University,Mechanical Engineering,Hispanic,Man,False,,,,,,,No match found
Daniel J. Fonseca,Daniel J Fonseca,University of Alabama,Mechanical Engineering,Hispanic,Man,False,,,,,,,No match found
Selvum Pillay,Selvum Pillay,University of Alabama at Birmingham,Mechanical Engineering,Black,Woman,False,,,,,,,No match found
Uche Wejinya,Uche Wejinya,University of Arkansas,Mechanical Engineering,Black,Man,False,,,,,,,No match found
Grace D. Oconnell,Grace D Oconnell,"University of California, Berkeley",Mechanical Engineering,Black,Woman,False,,,,,,,No match found
Kosa Goucher-Lambert,Kosa Goucher-Lambert,"University of California, Berkeley",Mechanical Engineering,Black,Man,False,,,,,,,No match found
Raissa M. Dsouza,Raissa M Dsouza,"University of California, Davis",Mechanical Engineering,Hispanic,Woman,False,,,,,,,No match found
Ralph C. Aldredge,Ralph C Aldredge,"University of California, Davis",Mechanical Engineering,Black,Man,False,,,,,,,No match found
Mamadou Diagne,Mamadou Diagne,"University of California, San Diego",Mechanical Engineering,Black,Man,True,e650a170a446,Mamadou Diagne,INVALID,black,man,high,"The full name 'Mamadou Diagne' matches exactly between the database faculty and the potential speaker. Although the university is listed as 'INVALID' for the speaker, this could be due to a data entry error or the speaker's affiliation not being updated. Given the exact name match and the possibility of university affiliation changes, the confidence in this match is high."
Michael Frazier,Michael Frazier,"University of California, San Diego",Mechanical Engineering,Black,Man,False,,,,,,,No match found
Patricia Hidalgo-Gonzalez,Patricia Hidalgo-Gonzalez,"University of California, San Diego",Mechanical Engineering,Hispanic,Woman,False,,,,,,,No match found
Sonia Martinez Diaz,Sonia Martinez Diaz,"University of California, San Diego",Mechanical Engineering,Hispanic,Woman,False,,,,,,,No match found
Stephanie Lindsey,Stephanie Lindsey,"University of California, San Diego",Mechanical Engineering,Black,Woman,False,,,,,,,No match found
Jorge Cortes,Jorge Cortes,"University of California, San Diego",Mechanical Engineering,Hispanic,Man,False,,,,,,,No match found
Ousmane Kodio,Ousmane Kodio,"University of California, Santa Barbara",Mechanical Engineering,Black,Man,False,,,,,,,No match found
Pierre Yao,Pierre Yao,University of Delaware,Mechanical Engineering,Black,Man,False,,,,,,,No match found
Christina H. Fuller,Christina H Fuller,University of Georgia,Mechanical Engineering,Black,Woman,False,,,,,,,No match found
Felix Santiago-Collazo,Felix Santiago-Collazo,University of Georgia,Mechanical Engineering,Hispanic,Man,False,,,,,,,No match found
Johne Parker,Johne Parker,University of Kentucky,Mechanical Engineering,Black,Woman,False,,,,,,,No match found
Nelson Akafuah,Nelson Akafuah,University of Kentucky,Mechanical Engineering,Black,Man,False,,,,,,,No match found
Peter Queseda,Peter Queseda,University of Louisville,Mechanical Engineering,Hispanic,Man,False,,,,,,,No match found
Paris Von Lockette,Paris Von Lockette,"University of Maryland, Baltimore County",Mechanical Engineering,Black,Man,False,,,,,,,No match found
Damena Agonafer,Damena Agonafer,"University of Maryland, College Park",Mechanical Engineering,Black,Woman,True,4c4a171becea,Damena Agonafer,University of Maryland,black,man,high,"The name 'Damena Agonafer' is an exact match between the database faculty and the potential speaker. Additionally, the university affiliation 'University of Maryland' is consistent, although the database specifies 'University of Maryland, College Park'. This is a common way to refer to the same institution, supporting a high confidence match."
Samuel Graham Jr.,Samuel Graham Jr,"University of Maryland, College Park",Mechanical Engineering,Black,Man,False,,,,,,,No match found
Cecilia Huertas Cerdeira,Cecilia Huertas Cerdeira,"University of Maryland, College Park",Mechanical Engineering,Hispanic,Woman,False,,,,,,,No match found
Alexander J. Headley,Alexander J Headley,University of Memphis,Mechanical Engineering,Black,Man,False,,,,,,,No match found
Gladius Lewis,Gladius Lewis,University of Memphis,Mechanical Engineering,Black,Man,False,,,,,,,No match found
Okenwa Okoli,Okenwa Okoli,University of Memphis,Mechanical Engineering,Black,Man,False,,,,,,,No match found
Chinedum Okwudire,Chinedum Okwudire,University of Michigan,Mechanical Engineering,Black,Man,False,,,,,,,No match found
David Kwabi,David Kwabi,University of Michigan,Mechanical Engineering,Black,Man,False,,,,,,,No match found
James Holly Jr.,James Holly Jr,University of Michigan,Mechanical Engineering,Black,Man,False,,,,,,,No match found
Jerard Gordon,Jerard Gordon,University of Michigan,Mechanical Engineering,Black,Man,False,,,,,,,No match found
Jon Estrada,Jon Estrada,University of Michigan,Mechanical Engineering,Hispanic,Man,False,,,,,,,No match found
Nakhiah Goulbourne,Nakhiah Goulbourne,University of Michigan,Mechanical Engineering,Black,Woman,False,,,,,,,No match found
Rhima Coleman,Rhima Coleman,University of Michigan,Mechanical Engineering,Black,Woman,False,,,,,,,No match found
Solomon Adera,Solomon Adera,University of Michigan,Mechanical Engineering,Black,Man,False,,,,,,,No match found
Uduak Inyangudoh,Uduak Inyangudoh,University of Michigan,Mechanical Engineering,Black,Man,False,,,,,,,No match found
Andrew Alleyne,Andrew Alleyne,University of Minnesota,Mechanical Engineering,Black,Man,False,,,,,,,No match found
Marien Simeni,Marien Simeni,University of Minnesota,Mechanical Engineering,Black,Man,True,f138efb9ea9c,Marien Simeni,University of Minnesota,black,man,high,"The name 'Marien Simeni' from the database faculty matches exactly with the name 'Marien Simeni' in the potential speaker list. Additionally, both are affiliated with the University of Minnesota, which further confirms the match. There are no variations or misspellings involved, making this a high-confidence match."
Viola Acoff,Viola Acoff,University of Mississippi,Mechanical Engineering,Black,Woman,False,,,,,,,No match found
Reginald E. Rogers JR,Reginald E Rogers JR,University of Missouri,Mechanical Engineering,Black,Man,False,,,,,,,No match found
Lucia Fernandez-Ballester,Lucia Fernandez-Ballester,University of Nebraska-Lincoln,Mechanical Engineering,Hispanic,Woman,False,,,,,,,No match found
Erick C. Jones,Erick C Jones,"University of Nevada, Reno",Mechanical Engineering,Black,Man,False,,,,,,,No match found
Theresa Oehmke,Theresa Oehmke,University of New Hampshire,Mechanical Engineering,Black,Woman,False,,,,,,,No match found
Edgar Bolivar-Nieto,Edgar Bolivar-Nieto,University of Notre Dame,Mechanical Engineering,Hispanic,Man,False,,,,,,,No match found
Ottman A. Tertuliano,Ottman A Tertuliano,University of Pennsylvania,Mechanical Engineering,Black,Woman,False,,,,,,,No match found
Sylvanus Wosu,Sylvanus Wosu,University of Pittsburgh,Mechanical Engineering,Black,Man,False,,,,,,,No match found
Ofodike Ezekoye,Ofodike Ezekoye,University of Texas at Austin,Mechanical Engineering,Black,Man,False,,,,,,,No match found
Yonas Tadesse,Yonas Tadesse,University of Texas at Dallas,Mechanical Engineering,Black,Man,False,,,,,,,No match found
Alejandra G. Castellanos,Alejandra G Castellanos,University of Texas at El Paso,Mechanical Engineering,Hispanic,Woman,False,,,,,,,No match found
Anabel Renteria Marquez,Anabel Renteria Marquez,University of Texas at El Paso,Mechanical Engineering,Hispanic,Woman,False,,,,,,,No match found
Brendy Rincon Troconis,Brendy Rincon Troconis,University of Texas at San Antonio,Mechanical Engineering,Hispanic,Woman,False,,,,,,,No match found
Krystel K. Castillo,Krystel K Castillo,University of Texas at San Antonio,Mechanical Engineering,Hispanic,Woman,False,,,,,,,No match found
David L. Green,David L Green,University of Virginia,Mechanical Engineering,Black,Man,False,,,,,,,No match found
Ayokunle Olanrewaju,Ayokunle Olanrewaju,University of Washington,Mechanical Engineering,Black,Man,False,,,,,,,No match found
John Aaron Palmore JR,John Aaron Palmore JR,University of Washington,Mechanical Engineering,Black,Woman,False,,,,,,,No match found
Juan Carlos Del Alamo,Juan Carlos Del Alamo,University of Washington,Mechanical Engineering,Hispanic,Man,False,,,,,,,No match found
Jessika Rojas,Jessika Rojas,Virginia Commonwealth University,Mechanical Engineering,Hispanic,Woman,False,,,,,,,No match found
Oumar Barry,Oumar Barry,Virginia Tech,Mechanical Engineering,Black,Man,False,,,,,,,No match found
Nestor O. Perezarancibia,Nestor O Perezarancibia,Washington State University,Mechanical Engineering,Hispanic,Man,False,,,,,,,No match found
Gbemeho Agbaglah,Gbemeho Agbaglah,Wayne State University,Mechanical Engineering,Black,Man,False,,,,,,,No match found
Antia Sanchez Botana,Antia Sanchez Botana,Arizona State University,Physics,Hispanic,Woman,False,,,,,,,No match found
Fernando Ponce,Fernando Ponce,Arizona State University,Physics,Hispanic,Man,False,,,,,,,No match found
Jose Menendez,Jose Menendez,Arizona State University,Physics,Hispanic,Man,False,,,,,,,No match found
Ricardo Alarcon,Ricardo Alarcon,Arizona State University,Physics,Hispanic,Man,False,,,,,,,No match found
Elena Roxana Margine,Elena Roxana Margine,Binghamton University,Physics,Hispanic,Woman,False,,,,,,,No match found
Indara Suarez,Indara Suarez,Boston University,Physics,Hispanic,Woman,False,,,,,,,No match found
Stephon H. Alexander,Stephon H Alexander,Brown University,Physics,Black,Man,False,,,,,,,No match found
Fernando Brandao,Fernando Brandao,California Institute of Technology,Physics,Hispanic,Man,True,7727a211d844,Fernando Brandao,California Institute of Technology,latino,man,high,"The name 'Fernando Brandao' from the database matches exactly with the name 'Fernando Brandao' in the potential speaker list. Additionally, both are affiliated with the California Institute of Technology, which further supports the match. There are no discrepancies in the name or university affiliation, leading to a high confidence in this match."
Ana Asenjo Garcia,Ana Asenjo Garcia,Columbia University,Physics,Hispanic,Woman,False,,,,,,,No match found
Kerstin M. Perez,Kerstin M Perez,Columbia University,Physics,Hispanic,Woman,False,,,,,,,No match found
Raquel Queiroz,Raquel Queiroz,Columbia University,Physics,Hispanic,Woman,True,d4cdff00131a,Raquel Queiroz,Columbia University,white,man,high,"The name 'Raquel Queiroz' from the database matches exactly with the name 'Raquel Queiroz' in the potential speakers list. Additionally, both are affiliated with Columbia University, which further supports the match. There are no discrepancies in the name or university affiliation, leading to a high confidence in this match."
James Daniel Whitfield,James Daniel Whitfield,Dartmouth College,Physics,Black,Man,False,,,,,,,No match found
Divine P. Kumah,Divine P Kumah,Duke University,Physics,Black,Man,False,,,,,,,No match found
Luiz Santos,Luiz Santos,Emory University,Physics,Hispanic,Man,False,,,,,,,No match found
Emanuela Del Gado,Emanuela Del Gado,Georgetown University,Physics,Hispanic,Woman,False,,,,,,,No match found
Paola Barbara,Paola Barbara,Georgetown University,Physics,Hispanic,Woman,True,eb377ab8d99e,Paola Barbara,Georgetown University,latino,woman,high,"The name 'Paola Barbara' from the database matches exactly with the name 'Paola Barbara' in the potential speakers list. Additionally, both are affiliated with Georgetown University, which further supports the match. There are no variations or discrepancies in the name or university affiliation, leading to a high confidence in this match."
Rhonda Dzakpasu,Rhonda Dzakpasu,Georgetown University,Physics,Black,Woman,False,,,,,,,No match found
Ignacio Taboada,Ignacio Taboada,Georgia Institute of Technology,Physics,Hispanic,Woman,False,,,,,,,No match found
Carlos Silva,Carlos Silva,Georgia Institute of Technology,Physics,Hispanic,Woman,False,,,,,,,No match found
Eugene Mananga,Eugene Mananga,"Graduate Center, CUNY",Physics,Black,Man,False,,,,,,,No match found
Jillian M. Bellovary,Jillian M Bellovary,"Graduate Center, CUNY",Physics,Hispanic,Woman,False,,,,,,,No match found
Justin F. Vazquez-Poritz,Justin F Vazquez-Poritz,"Graduate Center, CUNY",Physics,Hispanic,Man,False,,,,,,,No match found
Kelle L. Cruz,Kelle L Cruz,"Graduate Center, CUNY",Physics,Hispanic,Woman,False,,,,,,,No match found
Miguel Fiolhais,Miguel Fiolhais,"Graduate Center, CUNY",Physics,Hispanic,Man,False,,,,,,,No match found
Sophia N. Suarez,Sophia N Suarez,"Graduate Center, CUNY",Physics,Black,Woman,False,,,,,,,No match found
Carlos Arguelles-Delgado,Carlos Arguelles-Delgado,Harvard University,Physics,Hispanic,Woman,True,010b2d1d7758,Carlos Argüelles Delgado,Harvard University,latino,man,high,"The name 'Carlos Arguelles-Delgado' from the database closely matches 'Carlos Argüelles Delgado' from the potential speakers list, with only a minor variation in the use of a hyphen and an accent on the 'u'. Both are affiliated with Harvard University, which strongly suggests they are the same individual. The combination of name similarity and identical university affiliation provides high confidence in this match."
Cora Dvorkin,Cora Dvorkin,Harvard University,Physics,Hispanic,Woman,True,5145409627e2,Cora Dvorkin,Harvard University,white,woman,high,"The name 'Cora Dvorkin' from the database matches exactly with the name 'Cora Dvorkin' in the potential speaker list. Additionally, both are affiliated with Harvard University, which further supports the match. There are no variations or discrepancies in the name or university affiliation, leading to a high confidence in this match."
Jorge V. Jose,Jorge V Jose,Indiana University Bloomington,Physics,Hispanic,Man,False,,,,,,,No match found
Raquel Ribeiro,Raquel Ribeiro,Iowa State University,Physics,Hispanic,Woman,False,,,,,,,No match found
Danielle Speller,Danielle Speller,Johns Hopkins University,Physics,Black,Woman,False,,,,,,,No match found
Francesca Serra,Francesca Serra,Johns Hopkins University,Physics,Hispanic,Woman,True,5321465ca1fe,Francesca Serra,Johns Hopkins University,white,woman,high,"The name 'Francesca Serra' from the database matches exactly with the name 'Francesca Serra' in the potential speaker list. Additionally, both are affiliated with Johns Hopkins University, which further supports the match. There are no discrepancies in the name or university affiliation, leading to a high confidence in this match."
Ibrahima Bah,Ibrahima Bah,Johns Hopkins University,Physics,Black,Man,True,64d2741e212a,Ibrahima Bah,Johns Hopkins University,black,man,high,"The name 'Ibrahima Bah' from the database matches exactly with the name 'Ibrahima Bah' in the potential speakers list. Additionally, both are affiliated with Johns Hopkins University, which further supports the match. There are no discrepancies in the name or university affiliation, leading to a high confidence in this match."
Gabriela Gonzalez,Gabriela Gonzalez,Louisiana State University,Physics,Hispanic,Woman,False,,,,,,,No match found
Pablo Jarillo-Herrero,Pablo Jarillo-Herrero,Massachusetts Institute of Technology,Physics,Hispanic,Man,True,86903c875d2f,Pablo Jarillo-Herrero,Massachusetts Institute of Technology,latino,man,high,"The name 'Pablo Jarillo-Herrero' from the database matches exactly with the name 'Pablo Jarillo-Herrero' in the potential speakers list. Additionally, both are affiliated with the Massachusetts Institute of Technology, which further confirms the match. There are no variations or misspellings to account for, making this a high-confidence match."
Ronald Fernando Garcia Ruiz,Ronald Fernando Garcia Ruiz,Massachusetts Institute of Technology,Physics,Hispanic,Man,True,c515f2dfdd84,Ronald Fernando Garcia Ruiz,Massachusetts Institute of Technology,latino,man,high,"The full name 'Ronald Fernando Garcia Ruiz' from the database matches exactly with the name 'Ronald Fernando Garcia Ruiz' in the potential speakers list. Additionally, both are affiliated with the Massachusetts Institute of Technology, which further supports the match. There are no discrepancies in the name or university affiliation, leading to a high confidence in this match."
Filomena Nunes,Filomena Nunes,Michigan State University,Physics,Hispanic,Woman,False,,,,,,,No match found
John Federici,John Federici,New Jersey Institute of Technology,Physics,Hispanic,Man,False,,,,,,,No match found
Trevor Tyson,Trevor Tyson,New Jersey Institute of Technology,Physics,Black,Man,False,,,,,,,No match found
Anthony Pullen,Anthony Pullen,New York University,Physics,Black,Man,False,,,,,,,No match found
Sharonda Leblanc,Sharonda Leblanc,North Carolina State University,Physics,Black,Woman,False,,,,,,,No match found
Alberto De La Torre,Alberto De La Torre,Northeastern University,Physics,Hispanic,Man,False,,,,,,,No match found
Johan Bonilla Castro,Johan Bonilla Castro,Northeastern University,Physics,Hispanic,Man,False,,,,,,,No match found
Mauricio Santillana,Mauricio Santillana,Northeastern University,Physics,Hispanic,Man,False,,,,,,,No match found
Enectali Figueroa-Feliciano,Enectali Figueroa-Feliciano,Northwestern University,Physics,Hispanic,Man,False,,,,,,,No match found
John Joseph Carrasco,John Joseph Carrasco,Northwestern University,Physics,Hispanic,Man,False,,,,,,,No match found
Mayda Velasco,Mayda Velasco,Northwestern University,Physics,Hispanic,Woman,False,,,,,,,No match found
Rolando Valdes Aguilar,Rolando Valdes Aguilar,Ohio State University,Physics,Hispanic,Man,False,,,,,,,No match found
Geraldine Cochran,Geraldine Cochran,Ohio State University,Physics,Black,Woman,True,67fb80731e81,Geraldine Cochran,Ohio State University,black,woman,high,"The full name 'Geraldine Cochran' matches exactly with the name in the database. Additionally, the university affiliation 'Ohio State University' is the same for both the database entry and the potential speaker. These factors strongly indicate that this is the same individual."
Sergio E. Ulloa,Sergio E Ulloa,Ohio University,Physics,Hispanic,Man,False,,,,,,,No match found
Mario Borunda,Mario Borunda,Oklahoma State University-Stillwater,Physics,Hispanic,Man,True,219fda2f53c1,Mario Borunda,Oklahoma State University,latino,man,high,"The full name 'Mario Borunda' matches exactly between the database faculty and the potential speaker. Additionally, the university affiliation 'Oklahoma State University' is consistent, despite a slight variation in the name ('Oklahoma State University-Stillwater' vs. 'Oklahoma State University'), which is a common occurrence in university naming conventions. There are no discrepancies in the discipline, as both are in Physics. These factors contribute to a high confidence match."
Carmen Carmona Benitez,Carmen Carmona Benitez,Pennsylvania State University,Physics,Hispanic,Woman,False,,,,,,,No match found
Ismaila Dabo,Ismaila Dabo,Pennsylvania State University,Physics,Black,Man,False,,,,,,,No match found
Moussa Ngom,Moussa Ngom,Rensselaer Polytechnic Institute,Physics,Black,Man,False,,,,,,,No match found
Trevor Rhone,Trevor Rhone,Rensselaer Polytechnic Institute,Physics,Black,Man,False,,,,,,,No match found
Monika Schleier-Smith,Monika Schleier-Smith,Stanford University,Physics,Black,Woman,False,,,,,,,No match found
Jesus Perezrios,Jesus Perezrios,Stony Brook University,Physics,Hispanic,Man,False,,,,,,,No match found
Maria Gonzalez-Garcia,Maria Gonzalez-Garcia,Stony Brook University,Physics,Hispanic,Woman,False,,,,,,,No match found
Herbert Fotso,Herbert Fotso,University at Buffalo,Physics,Black,Man,False,,,,,,,No match found
Paulo Araujo,Paulo Araujo,University of Alabama,Physics,Hispanic,Man,False,,,,,,,No match found
Clayton E. Simien,Clayton E Simien,University of Alabama at Birmingham,Physics,Black,Man,False,,,,,,,No match found
Massimillano Bonamente,Massimillano Bonamente,University of Alabama in Huntsville,Physics,Hispanic,Man,False,,,,,,,No match found
Eduardo Rozo,Eduardo Rozo,University of Arizona,Physics,Hispanic,Man,False,,,,,,,No match found
Salvador Barraza-Lopez,Salvador Barraza-Lopez,University of Arkansas,Physics,Hispanic,Man,True,25afb403f74e,Salvador Barraza-Lopez,University of Arkansas,latino,man,high,"The full name 'Salvador Barraza-Lopez' matches exactly with the cleaned name of the potential speaker. Additionally, the university affiliation 'University of Arkansas' is the same for both the database faculty and the potential speaker. These factors strongly indicate that they are the same individual."
Raul Briceno,Raul Briceno,"University of California, Berkeley",Physics,Hispanic,Man,True,afee7528a268,Raul Briceno,"University of California, Berkeley",latino,man,high,"The full name 'Raul Briceno' matches exactly between the database faculty and the potential speaker. Additionally, the university affiliation 'University of California, Berkeley' is the same for both the database faculty and the potential speaker, further confirming the match."
Carlos Bustamante,Carlos Bustamante,"University of California, Berkeley",Physics,Hispanic,Man,False,,,,,,,No match found
Hernan Garcia,Hernan Garcia,"University of California, Berkeley",Physics,Hispanic,Man,False,,,,,,,No match found
Manuel Calderon De La Barca Sanchez,Manuel Calderon De La Barca Sanchez,"University of California, Davis",Physics,Hispanic,Man,False,,,,,,,No match found
Aomawa Shields,Aomawa Shields,"University of California, Irvine",Physics,Black,Woman,False,,,,,,,No match found
Juan Pedro Ochoa-Ricoux,Juan Pedro Ochoa-Ricoux,"University of California, Irvine",Physics,Hispanic,Woman,False,,,,,,,No match found
Miguel Arratia,Miguel Arratia,"University of California, Riverside",Physics,Hispanic,Man,True,d801008f0281,Miguel Arratia,"University of California, Riverside",latino,man,high,"The name 'Miguel Arratia' from the database faculty matches exactly with the name 'Miguel Arratia' in the potential speaker list. Additionally, both are affiliated with the University of California, Riverside, which further confirms the match. There are no variations or discrepancies in the name or university affiliation, leading to a high confidence in this match."
Julio Barreiro Guerrero,Julio Barreiro Guerrero,"University of California, San Diego",Physics,Hispanic,Man,False,,,,,,,No match found
Clifford Johnson,Clifford Johnson,"University of California, Santa Barbara",Physics,Black,Man,False,,,,,,,No match found
Joseph Berry,Joseph Berry,University of Colorado Boulder,Physics,Black,Woman,False,,,,,,,No match found
Nuris Figueroa Morales,Nuris Figueroa Morales,University of Colorado Boulder,Physics,Hispanic,Woman,False,,,,,,,No match found
Lea Ferreira Dos Santos,Lea Ferreira Dos Santos,University of Connecticut,Physics,Hispanic,Woman,False,,,,,,,No match found
Adebanjo Oriade,Adebanjo Oriade,University of Delaware,Physics,Black,Man,False,,,,,,,No match found
Mark Akubo,Mark Akubo,University of Delaware,Physics,Black,Man,False,,,,,,,No match found
Byron Freelon,Byron Freelon,University of Houston,Physics,Black,Man,False,,,,,,,No match found
Donna Stokes,Donna Stokes,University of Houston,Physics,Black,Woman,False,,,,,,,No match found
Nadya Mason,Nadya Mason,University of Illinois Urbana-Champaign,Physics,Black,Woman,True,8c7d96e7d5b1,Nadya Mason,University of Chicago,black,woman,high,"The full name 'Nadya Mason' matches exactly between the database faculty and the potential speaker. Although the university affiliation is different, it is common for faculty members to move between institutions. There are no variations or misspellings in the name, leading to a high confidence in the match."
Philip W. Phillips,Philip W Phillips,University of Illinois Urbana-Champaign,Physics,Black,Man,False,,,,,,,No match found
Denis R. Candido,Denis R Candido,University of Iowa,Physics,Hispanic,Man,False,,,,,,,No match found
Sylvester Gates,Sylvester Gates,"University of Maryland, College Park",Physics,Black,Man,False,,,,,,,No match found
Francisco Muller Sanchez,Francisco Muller Sanchez,University of Memphis,Physics,Hispanic,Man,False,,,,,,,No match found
Orlando Alvarez,Orlando Alvarez,University of Miami,Physics,Hispanic,Man,False,,,,,,,No match found
Rafael Fernandes,Rafael Fernandes,University of Minnesota,Physics,Hispanic,Man,False,,,,,,,No match found
Cecille Labuda,Cecille Labuda,University of Mississippi,Physics,Black,Woman,True,1d50f7f23679,Cecille Labuda,University of Mississippi,white,man,high,"The full name 'Cecille Labuda' matches exactly with the name in the database. Additionally, the university affiliation 'University of Mississippi' is the same for both the database entry and the potential speaker. There are no variations or discrepancies in the name or university, leading to a high confidence match."
Marcel Ngoko Djiokap,Marcel Ngoko Djiokap,University of Nebraska-Lincoln,Physics,Black,Man,False,,,,,,,No match found
Chanda Prescod-Weinstein,Chanda Prescod-Weinstein,University of New Hampshire,Physics,Black,Woman,True,14a240d78485,Chanda Prescod-Weinstein,University of New Hampshire,black,woman,high,"The full name 'Chanda Prescod-Weinstein' matches exactly with the name in the database, and the university affiliation 'University of New Hampshire' is also the same. There are no variations or misspellings to account for, making this a high-confidence match."
Nathaly Santiesteban,Nathaly Santiesteban,University of New Hampshire,Physics,Hispanic,Woman,False,,,,,,,No match found
Francisco Elohim Becerra Chavez,Francisco Elohim Becerra Chavez,University of New Mexico,Physics,Hispanic,Man,False,,,,,,,No match found
Victor M. Acosta,Victor M Acosta,University of New Mexico,Physics,Hispanic,Man,False,,,,,,,No match found
Akaa Daniel Ayangeakaa,Akaa Daniel Ayangeakaa,University of North Carolina at Chapel Hill,Physics,Black,Man,False,,,,,,,No match found
Rene Lopez,Rene Lopez,University of North Carolina at Chapel Hill,Physics,Hispanic,Man,False,,,,,,,No match found
Carl Rodriguez,Carl Rodriguez,University of North Carolina at Chapel Hill,Physics,Hispanic,Man,True,5be0fb98aa59,Carl Rodriguez,University of North Carolina at Chapel Hill,latino,man,high,"The name 'Carl Rodriguez' matches exactly between the database faculty and the potential speaker. Additionally, the university affiliation 'University of North Carolina at Chapel Hill' is the same for both the database faculty and the potential speaker, further confirming the match."
Aran Garcia-Bellido,Aran Garcia-Bellido,University of Rochester,Physics,Hispanic,Woman,False,,,,,,,No match found
Jacob Gayles,Jacob Gayles,University of South Florida,Physics,Black,Man,False,,,,,,,No match found
Raquel Castillo Fernandez,Raquel Castillo Fernandez,University of Texas at Arlington,Physics,Hispanic,Woman,False,,,,,,,No match found
G. Andres Cisneros,G Andres Cisneros,University of Texas at Dallas,Physics,Hispanic,Man,False,,,,,,,No match found
Xochitl Lopez-Lozano,Xochitl Lopez-Lozano,University of Texas at San Antonio,Physics,Hispanic,Woman,False,,,,,,,No match found
Arturo Ponce-Pedraza,Arturo Ponce-Pedraza,University of Texas at San Antonio,Physics,Hispanic,Man,False,,,,,,,No match found
Kelly Nash,Kelly Nash,University of Texas at San Antonio,Physics,Black,Woman,False,,,,,,,No match found
Richard Anantua,Richard Anantua,University of Texas at San Antonio,Physics,Black,Man,False,,,,,,,No match found
Cristina Mantilla-Suarez,Cristina Mantilla-Suarez,University of Virginia,Physics,Hispanic,Woman,False,,,,,,,No match found
Gustavo Joaquin Turiaci,Gustavo Joaquin Turiaci,University of Washington,Physics,Hispanic,Man,True,4588088f58a4,Joaquin Turiaci,University of Washington,latino,man,high,"The cleaned name 'Joaquin Turiaci' is a shortened version of 'Gustavo Joaquin Turiaci', and both are affiliated with the University of Washington. The likelihood of a name match is high given the same university affiliation and the common practice of using middle names or initials interchangeably in academic settings."
Alvaro Chavarria,Alvaro Chavarria,University of Washington,Physics,Hispanic,Man,False,,,,,,,No match found
Isabel Garcia Garcia,Isabel Garcia Garcia,University of Washington,Physics,Hispanic,Woman,False,,,,,,,No match found
Melinda Soares-Furtado,Melinda Soares-Furtado,University of Wisconsin-Madison,Physics,Hispanic,Woman,True,e4bb301ac786,Melinda Soares-Furtado,University of Wisconsin,latino,woman,high,"The full name 'Melinda Soares-Furtado' matches exactly between the database faculty and the potential speaker. Additionally, the university affiliation 'University of Wisconsin' is a close match to 'University of Wisconsin-Madison', suggesting a possible shorthand or abbreviation. Given these factors, the confidence in this match is high."
Maria J. Rodriguez,Maria J Rodriguez,Utah State University,Physics,Hispanic,Woman,False,,,,,,,No match found
Kerwin Crayton Foster,Kerwin Crayton Foster,Virginia Commonwealth University,Physics,Black,Man,False,,,,,,,No match found
Keith Baker,Keith Baker,Yale University,Physics,Black,Man,False,,,,,,,No match found
Charles Brown,Charles Brown,Yale University,Physics,Black,Man,True,7f8e148c008a,Charles Brown,Yale University,black,man,high,"The name 'Charles Brown' from the database faculty matches exactly with the name 'Charles Brown' in the potential speaker list. Additionally, both are affiliated with Yale University, which further supports the match. There are no discrepancies in the name or university affiliation, leading to a high confidence in this match."
